Date,Hour,PartID,Awarded,MCSimpleED,MCMarket
09/29/2019,16,401592,2114,13.9785121366942,15.3216785646905
09/29/2019,16,212494,1642.5,14.2065855512802,15.6971222294382
09/29/2019,16,591975,1523,14.6252877776553,15.8623158368135
09/29/2019,16,206845,1260.4,14.972422278661,16.3708399540651
09/29/2019,16,872788,951,15.3062072330795,16.7339822179472
09/29/2019,16,328723,825.500000000002,15.4029622829637,16.8674790738055
09/29/2019,16,595644,554,15.6158387121812,17.2157681564793
09/29/2019,16,958512,542.5,15.8071348983498,17.2361044275402
09/29/2019,16,739738,482.4,15.878115099822,17.3270805054696
09/29/2019,16,902793,427,15.8308254299684,17.3488900605523
09/29/2019,17,401592,2114,14.7287326099946,18.2795174068897
09/29/2019,17,212494,1704.3,14.9648040995944,18.8004123339215
09/29/2019,17,591975,1526,15.3460696202621,18.3756704144945
09/29/2019,17,206845,1260.4,15.7427429430638,19.4748308876406
09/29/2019,17,872788,1012,16.0089833367665,19.8234266670561
09/29/2019,17,328723,840,16.1915434188513,20.0637264500112
09/29/2019,17,902793,567,16.4627095284348,20.2621425817861
09/29/2019,17,958512,545,16.586376655678,20.3684781422936
09/29/2019,17,595644,536,16.5345615340333,20.4894738046347
09/29/2019,17,739738,483.1,16.6661022704924,20.5625214816739
09/29/2019,18,401592,2114,14.937952636684,18.315803226101
09/29/2019,18,212494,1747,15.1258633097533,18.7771828385829
09/29/2019,18,591975,1527,15.5299163599744,18.4052966905911
09/29/2019,18,206845,1259.4,15.9413384818537,19.5074060619907
09/29/2019,18,872788,1021,16.1953770746624,19.8406222631868
09/29/2019,18,328723,836,16.3928474305291,20.0980672279804
09/29/2019,18,902793,568,16.6647527295378,20.2845572547709
09/29/2019,18,958512,547.7,16.769144233652,20.3916210621597
09/29/2019,18,595644,540,16.7348482737206,20.5107793155908
09/29/2019,18,739738,484.5,16.8511420051366,20.5871055609838
09/29/2019,19,401592,2114,15.0978032589746,18.2761959126082
09/29/2019,19,212494,1751,15.2890087558733,18.7109839751019
09/29/2019,19,591975,1539,15.6548634675103,18.3277912102114
09/29/2019,19,206845,1259.4,16.0972069178568,19.4330208888249
09/29/2019,19,872788,1030,16.3421328922123,19.7440298670586
09/29/2019,19,328723,839,16.5450381074599,20.0017586616781
09/29/2019,19,902793,569,16.8269146311308,20.1925080090622
09/29/2019,19,958512,550.5,16.9169632539723,20.2876981042773
09/29/2019,19,595644,546,16.8912701188529,20.3987803570803
09/29/2019,19,739738,486.7,17.0008295580763,20.4782524205065
09/29/2019,20,401592,2114,14.5936641767526,17.493522200862
09/29/2019,20,212494,1592,15.0682725446237,18.0869526138802
09/29/2019,20,591975,1545,15.2367348642703,17.5249051895739
09/29/2019,20,206845,1259.4,15.6472945431419,18.5845961295298
09/29/2019,20,872788,1036,15.8903656785728,18.8696989473438
09/29/2019,20,328723,844,16.098660981409,19.1086194486802
09/29/2019,20,902793,570.1,16.3808192289466,19.3803370813041
09/29/2019,20,958512,552.7,16.5128910189525,19.4170050491508
09/29/2019,20,595644,549,16.439333993206,19.4915223722782
09/29/2019,20,739738,488,16.5983278060692,19.5693407343235
09/29/2019,21,401592,2114,13.2099900965674,12.5004158347282
09/29/2019,21,591975,1551,13.9103075356809,13.1835035219979
09/29/2019,21,212494,1330,14.0742257394143,13.4051178030229
09/29/2019,21,206845,1259.4,14.3621274965076,13.746370956602
09/29/2019,21,872788,988,14.698261005532,14.119917252263
09/29/2019,21,328723,811,14.8425635689192,14.2465235347327
09/29/2019,21,958512,555,15.3112637857759,14.7731879082241
09/29/2019,21,595644,513,15.0856863589839,14.5017572197885
09/29/2019,21,739738,488.8,15.4000189725882,14.86608867745
09/29/2019,21,902793,260.1,15.6067256066559,15.0840879984859
09/29/2019,22,401592,2114,12.9317452175317,10.0579969591863
09/29/2019,22,591975,1555,13.5455195545506,9.85005723999935
09/29/2019,22,212494,1330,13.7532210146751,10.7594390704359
09/29/2019,22,206845,1259.4,14.0225344971426,11.6455167315039
09/29/2019,22,328723,711.199999999999,14.6203362249639,12.5543725343001
09/29/2019,22,958512,557.3,14.9185458643509,12.94363994464
09/29/2019,22,739738,489.4,15.0026844178006,13.0003649139727
09/29/2019,22,872788,477,14.9313927005684,13.0697024216492
09/29/2019,22,902793,261.1,15.2074662662549,13.432422837666
09/29/2019,22,589605,184.8,15.3941260719961,13.641712316962
09/29/2019,23,401592,2114,13.5445307443897,7.38662369400393
09/29/2019,23,591975,1525.8,13.890338475413,6.58324355153238
09/29/2019,23,206845,1259.4,14.4199375683464,9.46839788563318
09/29/2019,23,328723,811,14.8059389573724,9.76898759012838
09/29/2019,23,739738,490.7,15.205883530441,11.0113155710658
09/29/2019,23,872788,479,15.1613786054605,11.3313843513212
09/29/2019,23,212494,455,15.2253035706447,11.4277482587334
09/29/2019,23,958512,361,15.2918285415097,11.630042403936
09/29/2019,23,902793,262.1,15.3859480861431,11.8890637592791
09/29/2019,23,589605,184.8,15.5207007008341,12.0860839917937
09/30/2019,0,401592,2114,14.0683082495718,8.30449688247915
09/30/2019,0,591975,1418,14.5451549728385,9.09797393438879
09/30/2019,0,206845,1260.1,14.8808832664548,10.4480335367133
09/30/2019,0,328723,748.999999999998,15.2921822027168,11.3405222093675
09/30/2019,0,872788,567,15.4019587229077,11.8567471133584
09/30/2019,0,739738,491.4,15.6118625245492,12.1764486820723
09/30/2019,0,212494,456,15.6344142821942,12.4649355256763
09/30/2019,0,958512,363,15.7007011709208,12.4978105552266
09/30/2019,0,902793,290.1,15.7348357622947,12.8198243771182
09/30/2019,0,589605,184.8,15.9041435026116,13.1473484029717
09/30/2019,1,401592,2114,14.1981376292834,8.26641652470389
09/30/2019,1,591975,1542.7,14.5525642139925,8.66888707939049
09/30/2019,1,206845,1260.1,15.0067423021098,10.4212955713242
09/30/2019,1,328723,811,15.3535024465999,11.1243896200354
09/30/2019,1,872788,567,15.5307577309542,11.8398562273817
09/30/2019,1,739738,492,15.7337161010109,12.1536011456606
09/30/2019,1,212494,457,15.7545427055923,12.4463608963184
09/30/2019,1,958512,363,15.8242676325159,12.4835438245101
09/30/2019,1,902793,291.1,15.8577907782934,12.8036053699119
09/30/2019,1,589605,184.8,16.025002759646,13.1348936961993
09/30/2019,2,401592,2114,14.3106382635897,11.017397759072
09/30/2019,2,591975,1542.5,14.6562050562162,11.3503232115984
09/30/2019,2,206845,1260.1,15.0738009820006,12.3428219211006
09/30/2019,2,328723,811,15.4056379941442,12.897527109337
09/30/2019,2,212494,457,15.7803543982267,13.5862784231686
09/30/2019,2,739738,408.5,15.8136089386552,13.554105405618
09/30/2019,2,872788,367,15.7958681863844,13.5982675687845
09/30/2019,2,958512,363,15.8471840566386,13.5943554441002
09/30/2019,2,902793,291.1,15.8813456869425,13.7754365930689
09/30/2019,2,589605,184.8,16.0348372521814,14.0119033140381
09/30/2019,3,401592,2114,14.3118422759791,11.43334843805
09/30/2019,3,591975,1550.2,14.6496056784812,11.737328955267
09/30/2019,3,206845,1260.1,15.0745186622333,12.6574070443646
09/30/2019,3,328723,811,15.4061927414848,13.1736190154768
09/30/2019,3,212494,457,15.780629154277,13.8049824229924
09/30/2019,3,739738,408.9,15.8134308552979,13.790308237445
09/30/2019,3,872788,367,15.7962086160738,13.8143695151067
09/30/2019,3,958512,363,15.8473159321458,13.8147908090237
09/30/2019,3,902793,291.1,15.8815943669614,13.971862066361
09/30/2019,3,589605,184.8,16.0349425035955,14.1988407243858
09/30/2019,4,401592,2114,14.4008388742392,11.6293172743884
09/30/2019,4,591975,1575,14.7195152167674,11.882684648379
09/30/2019,4,206845,1260.1,15.1598812986891,12.8070379363561
09/30/2019,4,328723,811,15.4917875682958,13.304862960839
09/30/2019,4,212494,506,15.8172398548687,13.8427558315443
09/30/2019,4,739738,408.9,15.8958152714583,13.9030981469546
09/30/2019,4,902793,374.6,15.8746950308026,13.9310385914186
09/30/2019,4,872788,367,15.8785605489494,13.919586384952
09/30/2019,4,958512,363,15.9298037296956,13.9227043329204
09/30/2019,4,589605,184.8,16.1157289611918,14.290119125973
09/30/2019,21,401592,2114,15.5357716418964,18.1337340883223
09/30/2019,21,591975,1560,15.9647448798223,18.3472303000066
09/30/2019,21,212494,1328.5,16.3473785160686,19.2520251802635
09/30/2019,21,206845,1260.1,16.4341957644057,19.3762639155662
09/30/2019,21,872788,990,16.694661089325,19.769142479613
09/30/2019,21,328723,846,16.8063273052128,19.971103914287
09/30/2019,21,958512,552.5,17.1696264227524,20.2987304470202
09/30/2019,21,504170,511,17.0601916710525,20.4451924137832
09/30/2019,21,739738,489.9,17.2445539073293,20.4951463746679
09/30/2019,21,595644,393.300000000001,17.2225753975241,20.6370822490666
09/30/2019,22,401592,2114,14.1427082438234,16.982239524804
09/30/2019,22,591975,1561,14.7402457624229,17.1785362220809
09/30/2019,22,212494,1329.5,15.1597107618302,17.7951014298577
09/30/2019,22,206845,1260.1,15.2604899044664,17.9457087362462
09/30/2019,22,872788,992,15.5896674908366,18.2381638031699
09/30/2019,22,328723,778,15.7428806677453,18.4606581232571
09/30/2019,22,958512,553.3,16.1819959775665,18.7214688084974
09/30/2019,22,739738,490.6,16.267714828062,18.8139422153265
09/30/2019,22,883543,317,16.4394830252997,19.0095271421395
09/30/2019,22,589605,184.8,16.6680910517779,19.1589871637577
09/30/2019,23,401592,2114,14.0392456298739,16.8259527165954
09/30/2019,23,591975,1264,14.7602597587216,17.5471580753209
09/30/2019,23,206845,1260.1,15.0372480691599,17.8227607088497
09/30/2019,23,872788,992,15.3398469418321,18.1238073395764
09/30/2019,23,328723,745,15.5110968780135,18.3931297660084
09/30/2019,23,212494,501.5,15.8983613835795,18.6723178085628
09/30/2019,23,739738,490.6,15.9363870499005,18.7210388720854
09/30/2019,23,958512,363,16.0407840274863,18.8602501259437
09/30/2019,23,883543,311.5,16.0827869707153,18.9289996279586
09/30/2019,23,589605,184.8,16.2940135252605,19.0780220255567
10/01/2019,0,401592,2114,16.2429821997907,10.3218303380826
10/01/2019,0,591975,1338.3,16.6612917099111,11.1594075366131
10/01/2019,0,206845,1262.6,16.8982532286924,12.6610335784594
10/01/2019,0,328723,840,17.1941551326348,13.0948697830319
10/01/2019,0,212494,672,17.3509182907845,14.2835977296844
10/01/2019,0,504170,551,17.3473783060954,14.3854092440717
10/01/2019,0,739738,491.3,17.4918761105496,14.7796461901644
10/01/2019,0,589605,184.8,17.7277706293857,15.6222659633291
10/01/2019,0,779293,148,17.7560933611963,15.7233731740947
10/01/2019,0,975156,145,17.7573784612658,15.7285293803558
10/01/2019,1,401592,2114,16.2520015965428,9.22488095463174
10/01/2019,1,591975,1308,16.6962578130509,9.21556059942225
10/01/2019,1,206845,1262.6,16.9036401210004,11.6851889514276
10/01/2019,1,328723,840,17.1980707779338,11.833498109622
10/01/2019,1,212494,672,17.3538062514575,13.3918546896476
10/01/2019,1,739738,491.2,17.4919829191613,13.5736558400755
10/01/2019,1,504170,431.5,17.4635161517088,14.0547241717319
10/01/2019,1,589605,184.8,17.7285590799627,14.7997296596102
10/01/2019,1,779293,148,17.7567248042991,14.9060713724151
10/01/2019,1,975156,145,17.758008475977,14.9139914141229
10/01/2019,2,401592,2114,16.2522625310219,9.23222658760481
10/01/2019,2,591975,1308,16.6964851319675,8.37303496738126
10/01/2019,2,206845,1262.6,16.9037959657844,11.4997832495316
10/01/2019,2,328723,840,17.1981840296744,11.6882929063758
10/01/2019,2,212494,672,17.3538860529342,13.0727439443672
10/01/2019,2,739738,491.9,17.4914594434874,13.2329012317952
10/01/2019,2,504170,230.1,17.6532830385805,14.2458133932796
10/01/2019,2,589605,184.8,17.7285818901291,14.3703171586515
10/01/2019,2,779293,148,17.7567430721813,14.4683275945911
10/01/2019,2,975156,145,17.7580267015815,14.4761230482153
10/01/2019,3,401592,2114,16.2522301917261,8.96448552377005
10/01/2019,3,591975,1307,16.697354247733,7.89562543786221
10/01/2019,3,206845,1262.6,16.9037766509335,11.0116371439508
10/01/2019,3,328723,840,17.198169993744,11.3038212260364
10/01/2019,3,212494,672,17.3538804644942,12.4317058141334
10/01/2019,3,739738,491.9,17.4914518337878,12.5345405080592
10/01/2019,3,589605,184.8,17.7285790631178,13.6031570126739
10/01/2019,3,779293,148,17.7567408081246,13.691640897596
10/01/2019,3,975156,145,17.7580244427675,13.6988420842926
10/01/2019,3,399648,144,17.7598018673645,13.7012587111745
10/01/2019,4,401592,2114,16.2513240088944,9.24520768890671
10/01/2019,4,591975,1308,16.6956816977708,8.16193712858517
10/01/2019,4,206845,1262.6,16.9032354274504,11.4249738543111
10/01/2019,4,328723,840,17.1977766811559,11.651910742279
10/01/2019,4,212494,672,17.3535903165059,12.9370360818016
10/01/2019,4,739738,491.2,17.4918237423592,13.0914675858415
10/01/2019,4,504170,286.5,17.5999706719121,13.9216630477396
10/01/2019,4,589605,184.8,17.7284998471351,14.1843724602223
10/01/2019,4,779293,148,17.7566773667532,14.2785883339443
10/01/2019,4,975156,145,17.757961147966,14.2861686967485
10/01/2019,5,401592,2114,16.5431503968152,16.5858667051261
10/01/2019,5,591975,1413,16.8788514007792,16.9198820801427
10/01/2019,5,206845,1262.6,17.1621067601792,17.2007085155592
10/01/2019,5,328723,840,17.4447071496076,17.4818345934256
10/01/2019,5,212494,672,17.5887801764252,17.6243757494521
10/01/2019,5,504170,551,17.5911389737202,17.6277082693522
10/01/2019,5,739738,491.2,17.7229041900434,17.7577780091283
10/01/2019,5,595644,370.5,17.7588573040782,17.7938240883025
10/01/2019,5,589605,184.8,17.9456528823706,17.9790459636269
10/01/2019,5,779293,148,17.9724059880457,18.0056212262813
10/01/2019,8,401592,2114,17.0547662136634,21.471097254241
10/01/2019,8,591975,1706,17.1953885868239,21.4432043309992
10/01/2019,8,212494,1438,17.6709942352707,23.0376335750332
10/01/2019,8,206845,1262.6,17.8341692627112,23.4037638975334
10/01/2019,8,328723,874,18.1614621979066,24.2954789062785
10/01/2019,8,872788,681,18.3012308376582,24.7918444899554
10/01/2019,8,958512,620,18.4093014745984,24.9332357131643
10/01/2019,8,595644,554,18.4005277502304,25.0697146136657
10/01/2019,8,504170,551,18.3861833447893,25.0249370322205
10/01/2019,8,739738,488.6,18.5427174890609,25.2256788484449
10/01/2019,9,401592,2114,17.0546628332701,20.1994281646806
10/01/2019,9,591975,1695,17.2066882668116,20.064659242388
10/01/2019,9,212494,1432,17.6763858738177,21.5299804313254
10/01/2019,9,206845,1262.6,17.8341075181111,21.8604431249788
10/01/2019,9,328723,872,18.1633580281453,22.6065582429985
10/01/2019,9,872788,678,18.3040884304787,22.9883961201285
10/01/2019,9,958512,620,18.4085116611323,23.1141570036509
10/01/2019,9,595644,552,18.4030291061307,23.2465834254175
10/01/2019,9,504170,551,18.3861447312654,23.1929228127016
10/01/2019,9,739738,486.5,18.5446161155535,23.3745548507894
10/01/2019,10,401592,2114,16.4896841720814,17.1728393417348
10/01/2019,10,591975,1841,16.4834569471546,16.8056357069029
10/01/2019,10,212494,1588,16.9124071617189,17.9013894484086
10/01/2019,10,206845,1262.6,17.2671065447824,18.4121461461089
10/01/2019,10,328723,870,17.597944124476,18.9682312659957
10/01/2019,10,872788,822,17.6240616482457,18.9833614265401
10/01/2019,10,504170,551,17.778643611528,19.386896610205
10/01/2019,10,958512,550.5,17.9163793079039,19.4486565160684
10/01/2019,10,595644,547,17.8475376958969,19.4481790740242
10/01/2019,10,739738,485.1,17.9770500420784,19.5438833323914
10/01/2019,11,401592,2114,16.3436147846267,17.2921145938787
10/01/2019,11,591975,1829,16.3594918091589,17.0053148797869
10/01/2019,11,212494,1747,16.6199731848711,17.6605400208549
10/01/2019,11,206845,1262.6,17.127509000506,18.4697914551709
10/01/2019,11,328723,866,17.4637791826014,19.0042486531205
10/01/2019,11,872788,798.000000000002,17.511595348345,19.0500841056003
10/01/2019,11,504170,551,17.636302101138,19.3963741606757
10/01/2019,11,958512,547.4,17.7846694927379,19.4590478661179
10/01/2019,11,595644,543,17.706846540132,19.4597392238477
10/01/2019,11,739738,484.4,17.8440070935975,19.5462163241603
10/01/2019,12,401592,2114,16.3460925496301,17.2697682860923
10/01/2019,12,591975,1823,16.3680833261214,16.9981711379257
10/01/2019,12,212494,1737,16.6322036597227,17.6578850987104
10/01/2019,12,206845,1262.6,17.1289888614772,18.4639964229045
10/01/2019,12,328723,861,17.4704154963838,19.0136263725744
10/01/2019,12,872788,802.400000000001,17.5083469264736,19.0445308022166
10/01/2019,12,504170,551,17.6373739920367,19.4043269779598
10/01/2019,12,595644,551,17.6973182594755,19.4565811917234
10/01/2019,12,958512,544.4,17.7881018337763,19.4713614822678
10/01/2019,12,739738,482.9,17.8459541566135,19.5576535503093
10/01/2019,13,401592,2114,16.3962990600469,17.0882531340679
10/01/2019,13,591975,1832,16.3861851569138,16.7394828545216
10/01/2019,13,212494,1726,16.7066531306156,17.5159573734498
10/01/2019,13,206845,1262.6,17.2113316902626,18.3767293789376
10/01/2019,13,872788,956,17.4865432532932,18.8263487481877
10/01/2019,13,328723,859,17.5694719231531,18.9728606269105
10/01/2019,13,504170,551,17.7385583793169,19.3910196381158
10/01/2019,13,595644,550,17.8115823546317,19.4495967263102
10/01/2019,13,958512,542.2,17.8999734173758,19.4669159526432
10/01/2019,13,739738,482.1,17.9584927976991,19.557908271492
10/01/2019,14,401592,2114,16.8761562899198,16.9454509155064
10/01/2019,14,591975,1862,16.7588762650295,16.4960458803129
10/01/2019,14,212494,1718,17.2069384858176,17.4211549999102
10/01/2019,14,206845,1262.6,17.7274933451526,18.3931326045024
10/01/2019,14,872788,1006,17.9626263213144,18.8169612637989
10/01/2019,14,328723,858,18.1091948505845,19.069002883018
10/01/2019,14,504170,551,18.3182238165121,19.5485405648327
10/01/2019,14,595644,547,18.4020527196923,19.6066108757428
10/01/2019,14,958512,540.8,18.4490436838813,19.6203313157282
10/01/2019,14,739738,482,18.5080356346507,19.7204292059006
10/01/2019,16,401592,2114,16.8613055576559,21.4644353449579
10/01/2019,16,591975,1872,16.6753442503131,21.617896463583
10/01/2019,16,212494,1706,17.2220886352407,22.441841973403
10/01/2019,16,206845,1262.6,17.7750077564316,23.2969947360772
10/01/2019,16,872788,1007,18.0256529837892,24.1163730569407
10/01/2019,16,328723,891,18.1490070080349,24.3494463505711
10/01/2019,16,504170,624.4,18.3179958009779,25.0326461605894
10/01/2019,16,595644,547,18.5054649284029,25.194709292188
10/01/2019,16,958512,539.6,18.5507732720866,25.2317977165778
10/01/2019,16,739738,481.9,18.6128363993339,25.358493177469
10/02/2019,19,591975,2439,15.9785367601351,22.3498441790956
10/02/2019,19,401592,2114,17.8281443344497,23.3925536693572
10/02/2019,19,212494,1940,17.8907657389928,23.8724073408482
10/02/2019,19,206845,1262.5,19.5085299064534,24.7419811688769
10/02/2019,19,872788,977,20.0672009456882,26.5281478556071
10/02/2019,19,328723,893,20.2376940607914,26.6881934453087
10/02/2019,19,958512,546.6,20.9212686852085,27.7147612083876
10/02/2019,19,595644,546,20.9222252623192,27.7120016235544
10/02/2019,19,739738,483.2,21.0464327485286,27.8874604675109
10/02/2019,19,902793,459.2,20.8192432524653,27.8942717244383
10/02/2019,20,591975,2179,15.9898603152589,18.400264730238
10/02/2019,20,401592,2114,17.347435308836,19.1960130741041
10/02/2019,20,212494,1681,17.8860425807879,20.3010911516031
10/02/2019,20,206845,1262.5,18.8186551927178,21.3701702395672
10/02/2019,20,872788,982,19.3022519553878,21.9436132722164
10/02/2019,20,328723,901,19.4428108607894,22.270907649588
10/02/2019,20,958512,549,20.0513910239261,23.1405770416415
10/02/2019,20,595644,544,20.0542003871964,23.2039076110109
10/02/2019,20,739738,484.8,20.1623635929643,23.3523224719907
10/02/2019,20,295534,345,20.3607319215419,23.6973037757339
10/02/2019,21,401592,2114,16.5728549858445,18.3453732380328
10/02/2019,21,591975,2071.5,15.4601798682358,17.168442688986
10/02/2019,21,212494,1427,17.7518532860304,19.8368785597232
10/02/2019,21,206845,1262.5,18.0821709648196,20.1940332132509
10/02/2019,21,328723,905,18.7124199252279,20.9698255351007
10/02/2019,21,872788,873,18.6710390944435,20.9464321519013
10/02/2019,21,958512,551.8,19.3413119872866,21.7358039787932
10/02/2019,21,595644,547,19.3146767314823,21.747420705173
10/02/2019,21,739738,486.2,19.4581920901431,21.8794123716764
10/02/2019,21,295534,345,19.5992951234653,22.141996612294
10/03/2019,16,401592,2114,16.9087116145382,21.2550485253509
10/03/2019,16,591975,2017.9,15.739501346171,19.9660260516874
10/03/2019,16,212494,1869.5,17.0563593019523,21.849356088809
10/03/2019,16,206845,1262.7,18.4797460528275,23.3231671113897
10/03/2019,16,872788,837,19.2577734386192,24.3589675181864
10/03/2019,16,328723,640,19.6121842033131,24.8350946485886
10/03/2019,16,958512,561.8,19.7727500831253,24.9607331249271
10/03/2019,16,595644,558,19.7790716837056,25.0137912371627
10/03/2019,16,504170,551,19.7877526997682,24.8948967905103
10/03/2019,16,739738,493.2,19.8998223742552,25.1948817087969
10/03/2019,17,591975,2212.5,15.9668814090114,20.0069304064376
10/03/2019,17,401592,2114,17.4387336755714,21.8953226992191
10/03/2019,17,212494,1873,17.5856562717291,23.05069508727
10/03/2019,17,206845,1262.7,18.9292199679016,25.493496601594
10/03/2019,17,872788,836,19.6636007534298,28.0221522121794
10/03/2019,17,328723,640,20.0106937210959,28.7983041953198
10/03/2019,17,958512,562.9,20.1543204425105,29.3314144490107
10/03/2019,17,595644,559,20.1609588536674,29.3501113469501
10/03/2019,17,504170,551,20.1735264657875,29.1771646925816
10/03/2019,17,739738,493.2,20.2764879085851,29.5371301810429
10/03/2019,18,591975,2218,16.1540449297088,21.4614059235078
10/03/2019,18,401592,2114,17.5767033381089,22.3298306594819
10/03/2019,18,212494,1876,17.7188514136427,23.2794854858978
10/03/2019,18,206845,1262.7,19.0518993874315,24.0277185082793
10/03/2019,18,872788,837,19.7748456405388,27.4252475222263
10/03/2019,18,328723,640,20.1237940123826,28.1331817074999
10/03/2019,18,958512,565.4,20.2601402450923,28.5089704382855
10/03/2019,18,595644,559,20.2711055834362,28.5345077112641
10/03/2019,18,504170,551,20.2839274138837,28.5340124794368
10/03/2019,18,739738,493.1,20.3855195886858,28.7792496308163
10/03/2019,19,591975,2221,16.1620900312672,20.6336472540018
10/03/2019,19,401592,2114,17.5936675667827,21.1540071326451
10/03/2019,19,212494,1879,17.7264915767474,22.0491240076792
10/03/2019,19,206845,1262.7,19.062032183811,22.7465473893315
10/03/2019,19,872788,838,19.7799568988942,26.0143013132281
10/03/2019,19,328723,640,20.1289962555312,26.6715760814691
10/03/2019,19,958512,567.3,20.2613998857153,27.0448942896731
10/03/2019,19,595644,559,20.2755934048589,27.076749720398
10/03/2019,19,504170,551,20.2883606657103,27.1036667715192
10/03/2019,19,739738,493.1,20.3894765712829,27.3277560233464
10/03/2019,20,401592,2114,17.3987361604469,19.5013835577195
10/03/2019,20,591975,2032.6,16.3150523814918,18.3885310764458
10/03/2019,20,212494,1614,18.0920654176464,20.6394712614356
10/03/2019,20,206845,1262.7,18.9053293045394,21.4493730863515
10/03/2019,20,872788,840,19.640364018451,22.3843514412308
10/03/2019,20,328723,640,19.9983933681318,22.8742646114582
10/03/2019,20,958512,568.8,20.1332200723484,23.0156107011375
10/03/2019,20,595644,561,20.1468301285004,23.047964625226
10/03/2019,20,504170,551,20.1630630123171,22.8959090404235
10/03/2019,20,739738,492.5,20.2683952456782,23.2117854906229
10/05/2019,12,401592,2114,7.08784744200043,6.49471140856327
10/05/2019,12,212494,1372,8.29380586091096,7.09278966434049
10/05/2019,12,591975,1320,6.37866218296643,6.68293321869927
10/05/2019,12,206845,1266.7,8.91236913660452,7.86156927210364
10/05/2019,12,872788,886,9.63598030104789,8.36565893812389
10/05/2019,12,328723,771,9.95785420285523,8.54184328611698
10/05/2019,12,739738,493.9,10.5369539401311,8.95767713225817
10/05/2019,12,975156,191,11.2287128010511,9.59688026444446
10/05/2019,12,589605,184.8,11.2420634849961,9.60688205690752
10/05/2019,12,779293,148,11.3213062542176,9.66624753475277
10/05/2019,19,401592,2114,13.5318042796456,17.6609652450447
10/05/2019,19,591975,1939.9,12.7694262778074,15.424975487882
10/05/2019,19,212494,1786,13.504773919791,18.6010055744385
10/05/2019,19,206845,1264.7,14.828732673773,18.8820745000001
10/05/2019,19,328723,923,15.2316899919535,21.0827117205291
10/05/2019,19,872788,732,15.6297473692179,21.6317864518992
10/05/2019,19,902793,640.1,15.6383325420812,21.8756589754525
10/05/2019,19,739738,494.8,16.0044128465103,22.2665616089622
10/05/2019,19,529988,347,16.2221111746941,22.7379848344515
10/05/2019,19,292445,346.7,16.2305697936391,22.7388468072171
10/05/2019,20,401592,2114,12.623960666275,12.7928960686112
10/05/2019,20,591975,1916,11.431383500088,11.6677205733783
10/05/2019,20,212494,1620,13.1311200218281,13.3105909214729
10/05/2019,20,206845,1264.7,14.1128628451421,14.2581209356465
10/05/2019,20,328723,786.199999999999,14.8021174915978,14.9399703034369
10/05/2019,20,872788,737,15.025576650753,15.1553650076595
10/05/2019,20,902793,641.1,14.9649461026888,15.1128957892006
10/05/2019,20,739738,495.4,15.4615175558647,15.5853286243662
10/05/2019,20,529988,347,15.7006676331839,15.8240846857986
10/05/2019,20,292445,276.7,15.844919071125,15.962633085234
10/05/2019,21,401592,2114,12.0064065126155,10.7082405238829
10/05/2019,21,591975,1891.9,10.27703540216,8.23858371133897
10/05/2019,21,212494,1460,13.3161300470151,12.2241548276273
10/05/2019,21,206845,1264.7,13.7072536974927,12.6770213649738
10/05/2019,21,328723,780,14.4821078032622,13.6001146447869
10/05/2019,21,872788,738,14.747137878947,13.8891430324233
10/05/2019,21,902793,643.1,14.6144153428563,13.6012199628986
10/05/2019,21,739738,495.9,15.2468878842973,14.4591933507396
10/05/2019,21,529988,347,15.5137509268219,14.7138928034267
10/05/2019,21,975156,196,15.8474781950671,15.154397800435
10/05/2019,22,401592,2114,7.04929363034139,6.66582680062519
10/05/2019,22,591975,1607.9,4.20759762903547,3.61443993170221
10/05/2019,22,212494,1466,9.23403345314336,8.91069612253856
10/05/2019,22,206845,1264.7,9.94619661981682,9.6595382709322
10/05/2019,22,328723,783,11.5281412238098,11.3096369146798
10/05/2019,22,872788,741,11.731249383857,11.5042736870493
10/05/2019,22,739738,495.9,12.5684562808654,12.3693744667646
10/05/2019,22,902793,332.1,12.8455869579286,12.6762948389065
10/05/2019,22,529988,205,13.2918570326517,13.1024402456272
10/05/2019,22,975156,196,13.5914576868164,13.4266163917541
10/06/2019,0,401592,2114,6.76874256365194,2.80996961734126
10/06/2019,0,206845,1264.7,9.75826949869942,6.29767606435738
10/06/2019,0,591975,1033,10.0638081223493,6.97943865747048
10/06/2019,0,872788,912,10.6846779241882,7.43204367645603
10/06/2019,0,212494,778.6,10.6917650182365,8.27397562745385
10/06/2019,0,328723,526,11.7116041840331,8.23501487872288
10/06/2019,0,739738,495.8,12.4647891012713,9.44237401746847
10/06/2019,0,883543,319,13.0493486162133,8.98782719431348
10/06/2019,0,975156,201,13.5024821453614,10.6658302474388
10/06/2019,0,589605,184.8,13.5595059724517,10.7323566155557
10/06/2019,1,401592,2114,10.3602355541314,2.697490037063
10/06/2019,1,206845,1264.7,12.1479294727098,5.65035827808589
10/06/2019,1,591975,1033,12.340919708258,5.01149480899672
10/06/2019,1,872788,912,12.8438732468223,6.85900450096286
10/06/2019,1,212494,835,12.7984244486473,7.14392185202354
10/06/2019,1,328723,633,13.2169815581412,5.70159629342931
10/06/2019,1,883543,319,14.1357619917369,8.84632279918447
10/06/2019,1,975156,201,14.3869145441724,9.34865799311715
10/06/2019,1,589605,184.8,14.4210139689704,9.40498257277637
10/06/2019,1,779293,148,14.4984743907339,9.53292976607631
10/06/2019,2,401592,2114,10.355193463924,2.78777116114088
10/06/2019,2,206845,1264.7,12.1449130434358,5.73048270458603
10/06/2019,2,591975,1032,12.3401355382841,5.19445918786522
10/06/2019,2,872788,912,12.8415914254318,6.9337824902428
10/06/2019,2,212494,836,12.7934031017915,7.21549369383269
10/06/2019,2,328723,632,13.2194437228064,5.83137542342446
10/06/2019,2,883543,319,14.1349948433733,8.90308863705266
10/06/2019,2,975156,201,14.3864351401366,9.41606173291832
10/06/2019,2,589605,184.8,14.4205732034689,9.4721925783249
10/06/2019,2,779293,148,14.4981213967175,9.59969968393985
10/06/2019,3,401592,2114,8.44213944367062,2.79237649582398
10/06/2019,3,206845,1264.7,10.7553612840162,5.62978715906745
10/06/2019,3,591975,1031,11.0999517195914,4.901442992105
10/06/2019,3,872788,912,11.5292734056363,6.7929780945053
10/06/2019,3,212494,690.400000000001,11.9301916911349,7.54789709024501
10/06/2019,3,328723,528,12.4027312383599,6.50118129195344
10/06/2019,3,883543,319,13.3081674047065,8.73267175380202
10/06/2019,3,975156,201,13.6525402214654,9.18348281724722
10/06/2019,3,589605,184.8,13.696663845407,9.23760509764819
10/06/2019,3,779293,148,13.7968952874471,9.36054953707755
10/06/2019,4,401592,2114,8.94724200722031,2.91383319292479
10/06/2019,4,206845,1264.7,11.1178013086715,5.77928333211541
10/06/2019,4,591975,1029,11.4187912491359,5.27339357001615
10/06/2019,4,872788,910,11.8908893542391,6.95944684949953
10/06/2019,4,212494,838,11.7951433338649,7.21852863954794
10/06/2019,4,328723,567.900000000001,12.5592507733937,6.36828222153869
10/06/2019,4,883543,319,13.520646720322,8.88370901793111
10/06/2019,4,975156,201,13.8363035210271,9.36809684095453
10/06/2019,4,589605,184.8,13.87770592381,9.42275396123581
10/06/2019,4,779293,148,13.9717558264279,9.54691334557846
10/06/2019,5,401592,2114,8.94506845842138,2.95076980328261
10/06/2019,5,206845,1264.7,11.1165009836166,5.79786533595625
10/06/2019,5,591975,1028,11.4203268309352,5.31268709338577
10/06/2019,5,872788,909,11.8927661219659,6.97406631286895
10/06/2019,5,212494,838,11.7936841443411,7.22788673465826
10/06/2019,5,328723,578.6,12.5257882011568,6.33384383566217
10/06/2019,5,883543,319,13.5203073023634,8.88449435425796
10/06/2019,5,975156,201,13.8360968591025,9.36369074288543
10/06/2019,5,589605,184.8,13.8775159182196,9.41799775763795
10/06/2019,5,779293,148,13.9716036574486,9.54136184053256
10/06/2019,6,401592,2114,9.7984605114542,3.33451532552133
10/06/2019,6,206845,1264.7,11.8118476862982,6.10477792440247
10/06/2019,6,591975,1026,11.998586754495,5.8843013684554
10/06/2019,6,212494,988,12.4293304601175,6.84938606566241
10/06/2019,6,872788,907,12.6035859758792,7.25194001346673
10/06/2019,6,328723,634,12.9666598327899,6.46760759628323
10/06/2019,6,883543,319,14.0502443463929,9.07446631149468
10/06/2019,6,975156,201,14.3335007392631,9.57437444675014
10/06/2019,6,589605,184.8,14.3719051572927,9.62721590925087
10/06/2019,6,779293,148,14.45914482294,9.74725083641304
10/06/2019,7,401592,2114,6.88836525986941,5.3236969673926
10/06/2019,7,206845,1266.7,9.34995802964833,7.23805910529622
10/06/2019,7,212494,1234,7.78549915536554,6.88920517151641
10/06/2019,7,591975,1175,9.33658260093403,6.2761167862174
10/06/2019,7,872788,849,10.1506570072592,8.17449020179605
10/06/2019,7,739738,491.9,11.6008929166586,8.92052353995446
10/06/2019,7,328723,490,11.1862808046086,8.47414169563209
10/06/2019,7,883543,319,11.8720080726599,9.3374113626881
10/06/2019,7,975156,201,12.4460508123149,9.64586711941623
10/06/2019,7,589605,184.8,12.4931153737104,9.68246887397074
10/06/2019,8,401592,2114,11.2716664461827,5.86568021634917
10/06/2019,8,212494,1360,12.5407426970252,6.99031441324647
10/06/2019,8,206845,1266.7,12.9343358028815,8.2592104446781
10/06/2019,8,591975,1265.3,12.2759262964025,7.85206940894567
10/06/2019,8,872788,900,13.6414016577794,9.07280005085045
10/06/2019,8,328723,632,13.9364831885455,9.54329776317353
10/06/2019,8,739738,490.7,14.4570921121416,10.4493680326843
10/06/2019,8,883543,319,14.7936794220012,10.4332387918888
10/06/2019,8,975156,201,15.025574718866,11.2696968890663
10/06/2019,8,589605,184.8,15.0573642191365,11.3154601248729
10/06/2019,9,401592,2114,12.7442420562025,12.1645825577929
10/06/2019,9,591975,1422,13.3239967251272,12.7550386278663
10/06/2019,9,212494,1351.5,13.7690816357641,13.2847531930958
10/06/2019,9,206845,1266.7,14.0491633917862,13.6011317882569
10/06/2019,9,872788,894,14.6213779681268,14.2288781646918
10/06/2019,9,328723,701,14.7475547799321,14.3550735173344
10/06/2019,9,739738,489.3,15.2464321845313,14.9191695224798
10/06/2019,9,883543,319,15.5086867482625,15.207827001348
10/06/2019,9,902793,258.199999999999,15.4023254001261,15.0670157836377
10/06/2019,9,975156,201,15.6904411794213,15.4079658676047
10/06/2019,10,401592,2114,9.7036288544307,7.58714240326055
10/06/2019,10,591975,1661,10.0373623948294,6.89231749309607
10/06/2019,10,212494,1579.8,10.1069893687872,6.25775636377863
10/06/2019,10,206845,1266.7,11.8144123320252,10.0772815904495
10/06/2019,10,872788,765,12.9340352216118,11.5113404051183
10/06/2019,10,328723,763,12.9229596449822,11.2957007462388
10/06/2019,10,739738,488,13.7543003212711,12.3658107249787
10/06/2019,10,883543,319,14.1728977838737,12.798506571684
10/06/2019,10,975156,191,14.494183117879,13.2386680222435
10/06/2019,10,589605,184.8,14.509628482639,13.256889269689
10/06/2019,11,401592,2114,11.0097901838155,7.48774739131697
10/06/2019,11,591975,1690,11.4448334440575,6.50106074996313
10/06/2019,11,212494,1497.1,11.2708460195944,5.93287044898892
10/06/2019,11,206845,1266.7,12.7213080538332,9.85890586356727
10/06/2019,11,872788,763,13.6324723381664,11.2513983554002
10/06/2019,11,328723,760,13.6555367436444,11.0446948036438
10/06/2019,11,739738,486.6,14.297084154819,12.0420016326576
10/06/2019,11,883543,319,14.6353748440313,12.4354509634706
10/06/2019,11,975156,191,14.8941863411111,12.8692388844567
10/06/2019,11,589605,184.8,14.9067101352739,12.8865895070555
10/06/2019,12,401592,2114,10.7890829757083,7.99676690903399
10/06/2019,12,591975,1678,11.230078131873,7.60812812436887
10/06/2019,12,212494,1488.5,11.0883694521958,7.86395198903957
10/06/2019,12,206845,1266.7,12.5610049220938,10.5176179132797
10/06/2019,12,872788,762,13.5079538086298,11.9310701843722
10/06/2019,12,328723,758,13.5285071009904,11.7778941107549
10/06/2019,12,739738,485.9,14.1938582864873,12.8406208807992
10/06/2019,12,883543,319,14.5425382053893,13.3252728826869
10/06/2019,12,589605,184.8,14.8235357303268,13.7364408821142
10/06/2019,12,975156,181,14.8314825064348,13.7477464808586
10/06/2019,13,401592,2114,10.7623870316813,7.43249058362588
10/06/2019,13,591975,1701,11.1606625517489,6.40963152019153
10/06/2019,13,212494,1483,11.0853512271314,6.585716118148
10/06/2019,13,206845,1266.7,12.5450088235605,10.0021500460165
10/06/2019,13,872788,762,13.4969715450641,11.4863893580387
10/06/2019,13,328723,758,13.5177323860401,11.2671902890796
10/06/2019,13,739738,485.8,14.1879326488767,12.3704334787727
10/06/2019,13,883543,319,14.5385055690593,12.8401224738922
10/06/2019,13,589605,184.8,14.8212020451536,13.2832955344627
10/06/2019,13,975156,171,14.8502356586649,13.3251476536424
10/07/2019,2,401592,2114,10.8761257034646,2.31486964429882
10/07/2019,2,206845,1263.2,12.6565572320588,5.63571846484308
10/07/2019,2,591975,1017,12.8262478823629,4.79922297770079
10/07/2019,2,872788,874,13.4710188575345,7.15121339291932
10/07/2019,2,212494,804.4,13.3934450775049,7.42084878204154
10/07/2019,2,328723,644.799999999999,13.4960174926339,5.70295953124041
10/07/2019,2,902793,272,14.4065660290407,9.50127946062765
10/07/2019,2,589605,184.8,14.9132772138128,9.84493728016387
10/07/2019,2,975156,161,14.9630824211248,9.93783361529428
10/07/2019,2,779293,148,14.9902869461271,9.98857531095375
10/07/2019,3,401592,2114,10.6411714167662,2.28109677699312
10/07/2019,3,206845,1263.2,12.4799412174238,5.60950092180592
10/07/2019,3,591975,1017,12.6708388776974,4.77173916485599
10/07/2019,3,872788,874,13.3210897910376,7.12827010152485
10/07/2019,3,212494,804.4,13.2270438525193,7.39841429910428
10/07/2019,3,328723,627,13.3816126767954,5.77140151021495
10/07/2019,3,902793,204.699999999997,14.5103621021143,9.74805899846208
10/07/2019,3,589605,184.8,14.8106057132537,9.82829620831993
10/07/2019,3,975156,161,14.8620428562438,9.92140389361206
10/07/2019,3,779293,148,14.8901387746837,9.97226103263717
10/07/2019,4,401592,2114,11.2661935877643,0.806449449395846
10/07/2019,4,206845,1263.2,12.950007445579,4.94768043731165
10/07/2019,4,591975,1017,13.089826550651,2.94121499776349
10/07/2019,4,872788,874,13.7202711427181,6.84107097980471
10/07/2019,4,212494,805.6,13.6634583231205,7.17050712803325
10/07/2019,4,328723,665,13.7082884800252,5.02923587662791
10/07/2019,4,902793,299.800000000001,14.5361275173107,9.61381087301408
10/07/2019,4,589605,184.8,15.0842632805198,10.1967442565035
10/07/2019,4,975156,161,15.1313657368165,10.3125896931659
10/07/2019,4,779293,148,15.1570939692475,10.3758666123513
10/07/2019,6,401592,2114,16.8651071190233,22.5828580365096
10/07/2019,6,591975,1617,16.9410134860641,23.5542126045054
10/07/2019,6,206845,1263.2,17.8546942012702,25.0916727792938
10/07/2019,6,212494,1038,18.0966488771829,24.9297215258373
10/07/2019,6,328723,903,18.2767215221426,26.220719770543
10/07/2019,6,872788,874,18.2624788234506,26.3997246565316
10/07/2019,6,902793,711.5,18.3924808155869,26.8646042502533
10/07/2019,6,196063,326.7,18.9411124477193,28.0843787703537
10/07/2019,6,126216,264,18.9950210024919,28.2773767841242
10/07/2019,6,589605,184.8,19.1145259203385,28.5211637488869
10/07/2019,7,401592,2114,16.5551334568535,17.0547015810486
10/07/2019,7,591975,1841,16.4388964686518,14.3772252536313
10/07/2019,7,212494,1400,17.4536925115146,19.7664993809758
10/07/2019,7,206845,1263.2,17.6688213797284,20.1199139112162
10/07/2019,7,872788,1037,17.9688190136032,21.145186513504
10/07/2019,7,328723,903,18.1442102656029,21.5697189055802
10/07/2019,7,902793,711.5,18.2570297001198,22.3763466829392
10/07/2019,7,504170,551,18.5287010631278,22.9903696002691
10/07/2019,7,196063,326.7,18.8910500540836,23.8429315783062
10/07/2019,7,126216,264,18.9486645178328,24.081068149646
10/07/2019,8,401592,2114,16.7481967067777,16.0049785630494
10/07/2019,8,591975,1849,16.6141834927421,13.6936518581027
10/07/2019,8,212494,1398,17.6723664372331,18.4986231072467
10/07/2019,8,206845,1263.2,17.873826013809,17.7264363229975
10/07/2019,8,872788,1034,18.1846903475914,19.7663424002806
10/07/2019,8,328723,901,18.3613618263686,20.2266821665622
10/07/2019,8,902793,795.4,18.3255004763196,20.4417819875918
10/07/2019,8,504170,551,18.7730550218403,21.44850725969
10/07/2019,8,295534,345,18.9842258477798,22.0838631004708
10/07/2019,8,196063,325.3,19.1189011218887,22.2345356319297
10/07/2019,10,401592,2114,16.7419998496726,20.6076575305307
10/07/2019,10,591975,1972,16.4187028099056,20.3808501833275
10/07/2019,10,212494,1642,17.3121598871168,22.5973153090678
10/07/2019,10,206845,1263.2,17.8701036496761,24.1960524129253
10/07/2019,10,872788,1030,18.1868990378,25.3481538583002
10/07/2019,10,328723,894,18.3664687454955,25.7899012321157
10/07/2019,10,902793,793,18.3234935851863,26.1554400434039
10/07/2019,10,504170,551,18.7711924443553,26.994221392758
10/07/2019,10,295534,345,18.9832203571057,28.3437625489576
10/07/2019,10,196063,323.9,19.1198245539894,28.4360361987412
10/07/2019,11,401592,2114,16.8320286485111,17.1911330666752
10/07/2019,11,591975,1969,16.5431971716945,14.0117015832883
10/07/2019,11,212494,1812.5,17.0744797530728,18.2156081602075
10/07/2019,11,206845,1263.2,17.9242813368919,19.7613181557818
10/07/2019,11,872788,1028,18.2333504282437,20.8867525035677
10/07/2019,11,328723,892,18.4072402186443,21.3490726606257
10/07/2019,11,902793,791,18.3736273490617,21.4514147664059
10/07/2019,11,504170,551,18.7981928404106,22.5099341994321
10/07/2019,11,295534,345,19.0064943730628,23.1005375017531
10/07/2019,11,196063,323,19.1353626466744,23.2858421350779
10/07/2019,12,401592,2114,16.829463218144,16.9211213196051
10/07/2019,12,591975,1964,16.5498443364988,14.2628395704621
10/07/2019,12,212494,1809,17.0767141013847,18.2434299501207
10/07/2019,12,206845,1263.2,17.9227399577208,20.5679578260886
10/07/2019,12,872788,1029,18.2308110143825,21.6250780926555
10/07/2019,12,328723,890,18.4087416432113,22.1787222483034
10/07/2019,12,902793,791,18.3721825649309,22.2789907870152
10/07/2019,12,504170,551,18.7974252080515,23.6768455939662
10/07/2019,12,295534,345,19.0060955137486,24.5472491925709
10/07/2019,12,196063,322.6,19.1355087659448,24.6876357557362
10/07/2019,13,401592,2114,16.8323527507342,16.9499548742833
10/07/2019,13,591975,1966,16.5484122852484,14.2362339671251
10/07/2019,13,212494,1808.5,17.0799054604475,18.2675547077969
10/07/2019,13,206845,1263.2,17.9244785515504,20.5768719720356
10/07/2019,13,872788,1031,18.229636968381,21.6208637537304
10/07/2019,13,328723,886,18.4151304448683,22.1994138382624
10/07/2019,13,902793,790.6,18.3734848149847,22.2841103839639
10/07/2019,13,504170,551,18.7982898114831,23.6717117249914
10/07/2019,13,295534,345,19.0069700055655,24.5360870536569
10/07/2019,13,196063,322,19.1367506839362,24.6787348483593
10/07/2019,14,401592,2114,16.8312528044763,16.8341187892988
10/07/2019,14,591975,1964,16.5515364191338,14.2600570333904
10/07/2019,14,212494,1808,17.0782149866893,18.1789656659912
10/07/2019,14,206845,1263.2,17.9238167298288,20.5328261773554
10/07/2019,14,872788,1033,18.2265186891652,21.5850377054615
10/07/2019,14,328723,886,18.414668086642,22.1778185677017
10/07/2019,14,902793,790,18.3740297367405,22.2685838417302
10/07/2019,14,504170,551,18.7979607019393,23.6799534411315
10/07/2019,14,295534,345,19.0067945071076,24.5677936788558
10/07/2019,14,196063,321.2,19.1377095771941,24.7133486069351
10/07/2019,15,401592,2114,16.84063349524,17.4180309394616
10/07/2019,15,591975,1947,16.5768443951709,17.5699601087439
10/07/2019,15,212494,1808,17.0872858454138,18.8648964648225
10/07/2019,15,206845,1263.2,17.929460896184,21.3607163169452
10/07/2019,15,872788,1031,18.2336760213024,22.5394677855179
10/07/2019,15,328723,888,18.416034708296,23.0127854540678
10/07/2019,15,902793,788.2,18.3817148437602,23.5230060498085
10/07/2019,15,504170,551,18.8007668442448,24.4166761999517
10/07/2019,15,295534,345,19.0091550154759,25.7811988202518
10/07/2019,15,196063,321.2,19.1391968255038,25.8960660065066
10/07/2019,16,401592,2114,16.8780902572118,19.9850602296649
10/07/2019,16,591975,1955.7,16.591588416341,20.2239658815336
10/07/2019,16,212494,1810,17.1356500909897,21.2244915926606
10/07/2019,16,206845,1263.2,18.0125674226271,23.2951031399659
10/07/2019,16,872788,1035,18.3285669433408,24.4089805287148
10/07/2019,16,328723,890,18.522388767273,24.8838161660366
10/07/2019,16,902793,790.2,18.4984893842345,25.3658011946201
10/07/2019,16,504170,551,18.9383853429192,25.5488383942216
10/07/2019,16,295534,345,19.1405161287996,27.2379732130888
10/07/2019,16,196063,343,19.2510419800593,27.2461935471973
10/07/2019,17,401592,2114,16.726101756866,20.5950768547806
10/07/2019,17,591975,2043,16.1312265009466,20.0491452449929
10/07/2019,17,212494,1908,16.8220571221735,21.4146042621085
10/07/2019,17,206845,1263.2,18.1980578129717,24.1382944198549
10/07/2019,17,872788,1037,18.8474436097136,25.2604244079506
10/07/2019,17,328723,898,19.1211894990706,25.7174277246708
10/07/2019,17,902793,792,19.1947357838188,26.123947180653
10/07/2019,17,504170,551,19.799869227602,26.866731479832
10/07/2019,17,295534,379.700000000001,19.9820209067277,28.107715722684
10/07/2019,17,196063,343.5,20.2082631305324,28.2645270338775
10/07/2019,18,591975,2161,15.6079497430865,17.8715628451561
10/07/2019,18,401592,2114,16.5288430459226,20.5862047844056
10/07/2019,18,212494,1912,16.8078476870109,21.3546741195375
10/07/2019,18,206845,1263.2,17.6644716583427,24.9799941292489
10/07/2019,18,872788,1040,19.3084185241215,26.1442031578911
10/07/2019,18,328723,902,19.6655702899754,26.6915481635541
10/07/2019,18,902793,794.6,19.5721266221705,26.0414239759942
10/07/2019,18,504170,551,20.5738221806991,28.6504724589812
10/07/2019,18,295534,472,20.6516992923872,29.0833784547025
10/07/2019,18,196063,344,21.1086124727443,29.7460345060717
10/07/2019,19,401592,2114,16.6683647439332,19.9184331195005
10/07/2019,19,591975,2098,15.8780957607056,19.572584593371
10/07/2019,19,212494,1917,16.7592518558449,20.7200326713091
10/07/2019,19,206845,1263.2,18.1168348679169,23.2238082659424
10/07/2019,19,872788,1045,18.9750760512825,24.302176021702
10/07/2019,19,328723,903,19.2814756717839,24.755634559755
10/07/2019,19,902793,796.4,19.3613812259386,25.2761931405474
10/07/2019,19,504170,551,20.039082724043,25.4920324004658
10/07/2019,19,295534,475,20.0131313647221,26.6395857509327
10/07/2019,19,196063,345,20.4818354484625,27.1727279688873
10/07/2019,20,401592,2114,16.8999206890987,18.2523981337237
10/07/2019,20,591975,1983.4,16.5553043015115,14.968755698444
10/07/2019,20,212494,1568,17.5286902678732,19.9838449380874
10/07/2019,20,206845,1263.2,18.0625671786936,20.8128566320764
10/07/2019,20,872788,1049,18.3709712763177,21.6296934211335
10/07/2019,20,328723,905,18.5689970591179,22.0838987093845
10/07/2019,20,902793,798.4,18.5600577236237,22.2735115542775
10/07/2019,20,504170,551,19.0234945604761,23.1541397413733
10/07/2019,20,196063,346,19.3343071797972,23.8590254104969
10/07/2019,20,295534,345,19.2208234451392,23.7739405687087
10/09/2019,7,401592,2114,17.1386234551676,20.1357249606434
10/09/2019,7,591975,2068,16.0451412169441,19.9625627002973
10/09/2019,7,212494,1443,18.3229913173235,22.3624949000397
10/09/2019,7,206845,1281.5,18.6080515350423,21.2401637164013
10/09/2019,7,328723,919,19.2472347335751,24.0089125341284
10/09/2019,7,872788,851,19.2560397025383,24.3271193369867
10/09/2019,7,902793,578,19.7409177505307,25.2316622663351
10/09/2019,7,295534,470.200000000003,19.8968748421478,25.5890449458371
10/09/2019,7,196063,353.4,20.230827378644,25.9784559843627
10/09/2019,7,292445,345,20.2610478202615,26.0063322428675
10/09/2019,8,401592,2114,17.1779409418801,18.2854562058214
10/09/2019,8,591975,2096,16.0124302285931,15.294451019527
10/09/2019,8,212494,1441,18.4997648520273,20.349437626574
10/09/2019,8,206845,1281.5,18.8130350497851,20.7134397529276
10/09/2019,8,328723,919,19.5248236603798,21.8927150772292
10/09/2019,8,872788,886,19.5889853507488,22.0515322601495
10/09/2019,8,902793,577.5,20.0933966218566,22.9176946807788
10/09/2019,8,295534,491,20.240122983459,23.1413374133807
10/09/2019,8,196063,352.6,20.6244897480223,23.687371031347
10/09/2019,8,292445,343,20.6563215435501,23.7168248479644
10/09/2019,11,591975,2152.8,14.7369335183428,16.8803961144132
10/09/2019,11,401592,2114,16.1864051259341,17.3419782836895
10/09/2019,11,212494,1949,16.2265626559189,17.6756596528087
10/09/2019,11,206845,1281.5,17.8457323405917,19.1935457484105
10/09/2019,11,328723,916,18.571224336192,20.0063142352415
10/09/2019,11,872788,878,18.6409397269097,20.0908819773832
10/09/2019,11,295534,415,19.3930758563859,21.0744941382595
10/09/2019,11,902793,399.1,19.5270760517157,20.9564865531997
10/09/2019,11,196063,327.3,19.7201704791352,21.3087439847626
10/09/2019,11,126216,264,19.7933114766207,21.425312088338
10/09/2019,15,591975,2115,14.6921218048417,14.8414564984488
10/09/2019,15,401592,2114,16.1430739776186,18.1991220124541
10/09/2019,15,212494,1944,16.1731385811614,18.7055976297656
10/09/2019,15,206845,1281.5,17.7682707199427,20.615653911545
10/09/2019,15,328723,917,18.4758570924932,21.7143106222245
10/09/2019,15,872788,883,18.5348939693248,21.8667205463172
10/09/2019,15,902793,399.1,19.4192021838522,23.2335048396326
10/09/2019,15,295534,379.699999999999,19.3599768448817,23.290210925038
10/09/2019,15,196063,324.5,19.6070475531113,23.5306669966458
10/09/2019,15,126216,231,19.7484554472205,23.809028867042
10/09/2019,16,591975,2178,15.750694177362,14.6290351579966
10/09/2019,16,401592,2114,16.7031718392126,18.301079770302
10/09/2019,16,212494,1946,16.8738744239156,18.8077091409769
10/09/2019,16,206845,1281.5,18.3952765731154,20.7128480794726
10/09/2019,16,328723,918,19.1335234685794,21.8460697373711
10/09/2019,16,872788,884,19.2009301370321,22.0103793832771
10/09/2019,16,295534,479,19.9025252569509,23.1485547726829
10/09/2019,16,902793,400.1,20.0417824673249,23.4026601784635
10/09/2019,16,196063,346,20.2790867720882,23.6328047439506
10/09/2019,16,126216,298,20.322578370288,23.7774011881912
10/09/2019,17,591975,2218,16.725349058306,14.7439230422931
10/09/2019,17,401592,2114,17.361769162508,18.3429878288658
10/09/2019,17,212494,1952,17.6862891132704,19.2379987321527
10/09/2019,17,206845,1281.5,19.2080040539903,22.3383741675719
10/09/2019,17,328723,918,20.0139992049879,24.8594788016973
10/09/2019,17,872788,885,20.0872339575809,25.1337431308166
10/09/2019,17,902793,601.4,20.4162688298707,26.4187022892259
10/09/2019,17,295534,482,20.9291284170711,27.360430555086
10/09/2019,17,196063,347,21.2731179270241,28.1064252727609
10/09/2019,17,126216,333,21.2725817732163,28.1837813136293
10/09/2019,20,591975,2196,17.0767589404633,16.9047465035483
10/09/2019,20,401592,2114,17.6320052004015,18.6923681421715
10/09/2019,20,212494,1699,18.3885535051422,20.1014112838515
10/09/2019,20,206845,1281.5,19.1946139060629,20.5351517159006
10/09/2019,20,328723,918,19.8768213672766,22.6320873710124
10/09/2019,20,872788,891,19.9272533141277,22.8448013314449
10/09/2019,20,295534,488,20.6237551297285,24.1945782884625
10/09/2019,20,902793,434.000000000003,20.6141033261433,24.376596075707
10/09/2019,20,196063,350,20.9339813473008,24.68165024963
10/09/2019,20,292445,346.7,20.9492413448341,24.6928547941773
10/10/2019,0,401592,2114,11.6472749831869,11.7119204562146
10/10/2019,0,212494,1551,10.5168654782966,9.61404777662553
10/10/2019,0,206845,1262.3,13.0826453222691,12.8649101546262
10/10/2019,0,591975,1139.4,12.5987999444718,12.6028772789025
10/10/2019,0,872788,839,13.7555118291662,13.3626990450741
10/10/2019,0,328723,562,14.041309453845,13.708389849896
10/10/2019,0,589605,184.8,14.8985564885965,14.323576821338
10/10/2019,0,779293,148,14.9605755428154,14.3733948569157
10/10/2019,0,399648,144,14.9673167443609,14.3788098607828
10/10/2019,0,530232,123.1,15.0025395224363,14.4071032559887
10/10/2019,1,401592,2114,11.709416122266,11.6411536828763
10/10/2019,1,212494,1551,9.57233026932854,9.2493286897758
10/10/2019,1,206845,1262.3,12.8498173941042,12.6886948528357
10/10/2019,1,591975,981.200000000001,12.8675799566171,12.7523756895228
10/10/2019,1,872788,841,13.3350279153964,13.1109931591987
10/10/2019,1,328723,488,13.7992485488608,13.5760787819842
10/10/2019,1,589605,184.8,14.2925582305557,14.013956812013
10/10/2019,1,779293,148,14.3418323491463,14.0592186589715
10/10/2019,1,399648,144,14.3471882316018,14.0641384249452
10/10/2019,1,530232,123.1,14.3751727174319,14.089844202158
10/10/2019,2,401592,2114,11.6576111933525,11.5228942398322
10/10/2019,2,212494,1551,9.29273506617611,9.05450998888611
10/10/2019,2,206845,1262.3,12.7181625399096,12.5228987222991
10/10/2019,2,591975,893.799999999999,12.9106253418548,12.7376469914855
10/10/2019,2,872788,841,13.1497182617626,12.9066107583764
10/10/2019,2,328723,488,13.6146126563898,13.3759365689985
10/10/2019,2,589605,184.8,14.059883892399,13.7880212183165
10/10/2019,2,779293,148,14.105707879194,13.8312291142361
10/10/2019,2,399648,144,14.1106887473239,13.8359256246622
10/10/2019,2,530232,123.1,14.1367137833026,13.8604648916383
10/10/2019,4,401592,2114,11.6576113125256,11.2738272900084
10/10/2019,4,212494,1551,9.29273565155341,8.87872038937576
10/10/2019,4,206845,1262.3,12.7181626110695,12.2462610871228
10/10/2019,4,591975,872.9,12.9428797588358,12.5099237006196
10/10/2019,4,872788,841,13.1497183179723,12.5911375747159
10/10/2019,4,328723,488,13.6146126903734,13.0766482153195
10/10/2019,4,589605,184.8,14.0598839028168,13.4765034452193
10/10/2019,4,779293,148,14.1057078875373,13.5185200751756
10/10/2019,4,399648,144,14.1106887554417,13.5230871001709
10/10/2019,4,530232,123.1,14.1367137902421,13.5469498057711
10/10/2019,5,401592,2114,11.6206501034836,11.6854218430852
10/10/2019,5,212494,1551,11.0447991816184,10.1016846416444
10/10/2019,5,206845,1262.3,13.2319302864841,12.9956370589056
10/10/2019,5,591975,1167,12.582392477379,12.5531461544846
10/10/2019,5,872788,841,14.0067065751958,13.586755069908
10/10/2019,5,328723,632.200000000001,14.0731219010943,13.7815185049816
10/10/2019,5,589605,184.8,15.2703879560661,14.6532123730379
10/10/2019,5,779293,148,15.3400076704426,14.7098237619568
10/10/2019,5,399648,144,15.3475750307009,14.7159771737958
10/10/2019,5,292445,141,15.3532505508946,14.720592232675
10/10/2019,6,401592,2114,16.1940018809187,17.2118069176668
10/10/2019,6,212494,1952,16.2911464730011,17.5099962030851
10/10/2019,6,591975,1619,16.0341151511977,17.115549336196
10/10/2019,6,206845,1262.3,17.3688153142307,18.8226210288164
10/10/2019,6,328723,920,17.7959508552782,19.4672132528883
10/10/2019,6,872788,895,17.8384248946461,19.5123857876556
10/10/2019,6,295534,345,18.5068635389388,20.4656359043206
10/10/2019,6,902793,310.599999999999,18.6233983897444,20.5176464584707
10/10/2019,6,292445,236,18.7844675704337,20.7636548876865
10/10/2019,6,589605,184.8,18.8550915551532,20.8604890815444
10/10/2019,12,591975,2296,15.5647608896622,15.9806727794775
10/10/2019,12,401592,2114,17.0395369230866,17.5947623337771
10/10/2019,12,212494,1952,17.2891243235357,17.8734122489155
10/10/2019,12,206845,1262.3,18.4095342752684,19.7899253135111
10/10/2019,12,328723,918,18.9586194262853,20.6764349747096
10/10/2019,12,872788,892,18.9895949427928,20.7445307596418
10/10/2019,12,902793,489.5,19.478676397023,21.7204317122313
10/10/2019,12,295534,345,19.7737205486354,22.1100776493751
10/10/2019,12,196063,305.1,19.8714514762807,22.2419430960169
10/10/2019,12,126216,197,20.078460223186,22.5126366044751
10/10/2019,14,591975,2296,15.5560860727351,15.5920100268422
10/10/2019,14,401592,2114,17.0285442645004,17.1905416116856
10/10/2019,14,212494,1952,17.275012457676,17.4888541713776
10/10/2019,14,206845,1262.3,18.386854978717,19.4605175266726
10/10/2019,14,328723,918,18.9308743043029,20.3776502046089
10/10/2019,14,872788,892,18.9611358830289,20.4474823968387
10/10/2019,14,902793,413.199999999999,19.5950259652113,21.6576995465722
10/10/2019,14,295534,345,19.7390843203244,21.8612717074279
10/10/2019,14,196063,303.8,19.8373176184335,21.9952466445582
10/10/2019,14,126216,197,20.0415450653701,22.2669686669767
10/10/2019,16,591975,2296,15.4967706033742,17.5224996296178
10/10/2019,16,401592,2114,17.0207499591189,19.3433081927487
10/10/2019,16,212494,1952,17.2865356653002,19.6010965060001
10/10/2019,16,206845,1262.3,18.4627779910556,21.1795140604898
10/10/2019,16,328723,918,19.0420617933971,21.9192694499963
10/10/2019,16,872788,892,19.0764228214886,21.9816438953002
10/10/2019,16,902793,489.8,19.5909255544315,22.818657357623
10/10/2019,16,295534,355.499999999998,19.8833724239781,23.0928691506412
10/10/2019,16,196063,303.8,20.0115409022178,23.2481268270171
10/10/2019,16,292445,222,20.2241279521875,23.4281950893047
10/10/2019,19,591975,2367.4,15.0418754103114,7.23947850626784
10/10/2019,19,401592,2114,16.8685946005311,17.7092272860084
10/10/2019,19,212494,1952,17.1945193528094,18.8327112877429
10/10/2019,19,206845,1262.3,18.6378282574543,23.5726946294107
10/10/2019,19,328723,920,19.3479179546284,25.4968693289108
10/10/2019,19,872788,895,19.3955497141369,26.1630976447387
10/10/2019,19,902793,577.5,19.8400953660256,27.3903965241461
10/10/2019,19,295534,487,20.1016722034053,28.9672272904472
10/10/2019,19,196063,327.7,20.5197353692431,30.0973721767384
10/10/2019,19,292445,279.7,20.6789800897675,30.4302563254004
10/10/2019,20,591975,2299,15.5158733793144,17.507280787465
10/10/2019,20,401592,2114,17.0446672664554,19.3194931091419
10/10/2019,20,212494,1952,17.308733494952,19.5762051985911
10/10/2019,20,206845,1262.3,18.4770593614694,21.155922724597
10/10/2019,20,328723,920,19.0491250856415,21.8912193819987
10/10/2019,20,872788,892,19.0866928503851,21.9578663909164
10/10/2019,20,902793,490.1,19.5992300621795,22.7928382545209
10/10/2019,20,295534,363.299999999999,19.8711851179957,23.0500633215684
10/10/2019,20,196063,307.3,20.0080916611181,23.2165792287788
10/10/2019,20,292445,243.7,20.1901444715398,23.3575866110208
10/11/2019,4,401592,2114,14.6731398223227,13.5695743910015
10/11/2019,4,591975,1569,14.1908613254964,11.9077275836727
10/11/2019,4,206845,1264.2,16.1351094434155,15.059106407334
10/11/2019,4,328723,865.1,16.5952771848727,15.369907617208
10/11/2019,4,212494,670,17.1375803867323,16.0991985995995
10/11/2019,4,872788,622,17.0260556252913,16.033863670646
10/11/2019,4,902793,240,17.7953220655306,16.784219124828
10/11/2019,4,589605,184.8,17.9920757990375,16.9510819997432
10/11/2019,4,779293,148,18.0553853801815,17.0155851513095
10/11/2019,4,399648,144,18.0622668563928,17.0225963634362
10/11/2019,13,591975,2308,16.9461537256059,13.607809631519
10/11/2019,13,401592,2114,17.9434196227368,16.1006771510179
10/11/2019,13,212494,1961,18.0155720366094,16.8215688870363
10/11/2019,13,206845,1264.2,19.308799946577,20.0923554176856
10/11/2019,13,872788,1003,19.6750556578185,21.3353559469397
10/11/2019,13,328723,921,19.8587635858554,21.4998799866597
10/11/2019,13,295534,486,20.4566913847064,23.6611794474372
10/11/2019,13,196063,304.7,20.760546511279,24.6239268476429
10/11/2019,13,126216,226.499999999998,20.9292586685666,24.9934650767733
10/11/2019,13,589605,184.8,21.0430803908618,25.1905244264466
10/11/2019,16,591975,2307,16.8176376917109,13.6751983333961
10/11/2019,16,401592,2114,17.8437690186301,17.1583630220235
10/11/2019,16,212494,1959,17.9061539059247,17.7692277894483
10/11/2019,16,206845,1264.2,19.2009691548497,20.5064362742392
10/11/2019,16,872788,1003,19.5682171752128,21.5367194504224
10/11/2019,16,328723,921,19.7470805305962,21.7443368120304
10/11/2019,16,295534,419.700000000001,20.4545155665273,23.7022719522602
10/11/2019,16,196063,303.8,20.6392627746948,24.2881138036649
10/11/2019,16,126216,197,20.8638917819212,24.7116580173367
10/11/2019,16,589605,184.8,20.9248592784498,24.7616714694749
10/12/2019,6,401592,2114,14.6547365152906,15.176306662161
10/12/2019,6,206845,1267.2,15.8465308004618,16.3424365195319
10/12/2019,6,591975,1064,15.7695549478002,16.220582734122
10/12/2019,6,212494,969,16.2652812289142,16.7502714239715
10/12/2019,6,328723,922,16.2330931104138,16.7675278818922
10/12/2019,6,872788,702.800000000001,16.3820924104177,16.8885353618552
10/12/2019,6,196063,310.3,17.1700308097326,17.6479155956367
10/12/2019,6,902793,280,17.1036088924757,17.5821749834938
10/12/2019,6,589605,184.8,17.369910741734,17.8330115757651
10/12/2019,6,779293,148,17.4217034078822,17.883688924314
10/12/2019,7,401592,2114,15.4514041999821,16.7824417011755
10/12/2019,7,591975,1364,15.9429606218254,17.1384568282942
10/12/2019,7,206845,1269.2,16.6297266843033,18.5927478431504
10/12/2019,7,212494,1068,16.9103593593091,19.0238879127989
10/12/2019,7,872788,943.6,16.7895433768267,19.2830349494236
10/12/2019,7,328723,922,17.0833755025779,19.3367475731466
10/12/2019,7,902793,434.1,17.6273636171459,20.2548482376531
10/12/2019,7,196063,331.9,17.9278154856296,20.5942264496399
10/12/2019,7,126216,197,18.0867549886757,20.8780488670706
10/12/2019,7,589605,184.8,18.1422419565547,20.9164949036789
10/12/2019,19,401592,2114,16.1412294287327,19.7056742275513
10/12/2019,19,212494,1870.5,16.4143112625114,20.9168145975
10/12/2019,19,591975,1466,16.4019292772489,20.5944443414224
10/12/2019,19,206845,1267.2,17.3905074921772,23.515675799382
10/12/2019,19,872788,1059,17.6976641272602,24.984704473499
10/12/2019,19,328723,922,17.8994446670956,25.5427407182225
10/12/2019,19,902793,572.1,18.286276322917,26.7761714083812
10/12/2019,19,958512,558.7,18.4067984244546,27.48811568871
10/12/2019,19,196063,327.7,18.7704147932084,28.6439981406663
10/12/2019,19,126216,231,18.879148327661,29.1278675480437
10/12/2019,23,401592,2114,14.25725061676,15.0301699725905
10/12/2019,23,206845,1267.2,15.4680662164392,16.1602033533674
10/12/2019,23,591975,1061,15.3301554485877,16.0188171794247
10/12/2019,23,872788,1059,15.7657655644004,16.4380410364112
10/12/2019,23,328723,922,15.9226372982056,16.6083561278733
10/12/2019,23,212494,670,16.2768506825717,16.8851429362343
10/12/2019,23,958512,370,16.609993403966,17.2643545197917
10/12/2019,23,196063,309.6,16.8003964957638,17.4225050010012
10/12/2019,23,589605,184.8,17.0157596565645,17.6046390307165
10/12/2019,23,779293,148,17.0683789457334,17.6537477085825
10/13/2019,0,401592,2114,14.8964977467725,17.3544958834488
10/13/2019,0,206845,1282.1,15.8226465284457,18.8334844988776
10/13/2019,0,591975,1061,15.8508112926704,18.7678098146171
10/13/2019,0,872788,937,16.0899520774518,19.4392451253408
10/13/2019,0,328723,925,16.2042050327512,19.4709618149347
10/13/2019,0,212494,720,16.3698457925349,19.7020245970196
10/13/2019,0,595644,560,16.480588809681,20.1206185990927
10/13/2019,0,902793,549,16.4873651389974,20.0176368356014
10/13/2019,0,589605,184.8,17.0442633791881,20.7885486467651
10/13/2019,0,779293,148,17.085232576406,20.8540541110456
